1	2	Antonette	False	suscipit repellat esse quibusdam voluptatem incidunt
2	2	Antonette	True	distinctio vitae autem nihil ut molestias quo
3	2	Antonette	False	et itaque necessitatibus maxime molestiae qui quas velit
4	2	Antonette	False	adipisci non ad dicta qui amet quaerat doloribus ea
5	2	Antonette	True	voluptas quo tenetur perspiciatis explicabo natus
6	2	Antonette	True	aliquam aut quasi
7	2	Antonette	True	veritatis pariatur delectus
8	2	Antonette	False	nesciunt totam sit blanditiis sit
9	2	Antonette	False	laborum aut in quam
10	2	Antonette	True	nemo perspiciatis repellat ut dolor libero commodi blanditiis omnis
11	2	Antonette	False	repudiandae totam in est sint facere fuga
12	2	Antonette	False	earum doloribus ea doloremque quis
13	2	Antonette	False	sint sit aut vero
14	2	Antonette	False	porro aut necessitatibus eaque distinctio
15	2	Antonette	True	repellendus veritatis molestias dicta incidunt
16	2	Antonette	True	excepturi deleniti adipisci voluptatem et neque optio illum ad
17	2	Antonette	False	sunt cum tempora
18	2	Antonette	False	totam quia non
19	2	Antonette	False	doloremque quibusdam asperiores libero corrupti illum qui omnis
20	2	Antonette	True	totam atque quo nesciunt
